place_name,latitude,longitude,rating,review_text
"Black Scoop Cafe Matina",7.0643785,125.5882656,4,"love this place, they serve good food and drinks are great too. can be a little crowded at times but still a nice place"
"Black Scoop Cafe Matina",7.0643785,125.5882656,3,"Nightcap before heading home? The Choco Truffle Hazelnut was a delight but sweetness could be lowered down a notch. Menu offers coffee and non-coffee beverages as well as meals and shareable pica pica items…The cafe is spacious for group meetings and those working alone. Sadly, no sockets in sight….With hours to spare before closing, no qualms with service or even parking that Friday…"
"Black Scoop Cafe Matina",7.0643785,125.5882656,4,"The cafe is spacious and they have wifi, just ask for the password from the counter. They have so much drinks to choose from and some snacks. If you have a hard time choosing with all the drink choices, you can ask the staff for their recommendations or best sellers. The place itself is pretty cute, check out photos for their menus and the place. I recommend the Cafe Mocha for hot drinks and the Choco Macadamia for cold drinks. Nachos Overload are definitely worth a try, not like any other nachos where the cheese and other ingredients are just sprinkled at the top. Their ingredients are distributed into the layers of nachos."
"Black Scoop Cafe Matina",7.0643785,125.5882656,4,"The coffee shop is very atmospheric, spacious and cozy. They have several drinks that are non-coffee base for the non-coffee drinkers making it a perfect coffee shop for kids too. We ordered Macadamia Chocolate Frappuccino and Hersheys Chocolate Frappuccino, and both are perfectly blended drinks. We also ordered cheesecake with strawberry topping and the slice is well portioned that it is not too big and not too small, just the perfect size for one to two persons. The shop is well-lit for those who want to study either at day or at night."
"Black Scoop Cafe Matina",7.0643785,125.5882656,3,"No sugarcoating it but it is overrated. They have a wide variety of coffee and non-coffee offers in their menu but most of those are NOT even available. They have free wifi but they only have one power outlet (as per their staffs) available if you want to charge your phone batteries (and you can’t bring extensions for safety purposes). Their staff are not really accommodating and the place is indeed crowded with rowdy youngsters."
"Black Scoop Cafe Matina",7.0643785,125.5882656,4,"Black Scoop Cafe Matina is spacious and accessible. They have a wide variety of drinks, pastries, and meals at reasonable prices. They have plenty of tables and chairs, good for individuals, pairs or small to large groups. The only downside for me is that it attracts a younger crowd (YA to toddlers that is) so the place can be quite rowdy at times. They have wifi and ample sockets for charging. CR is common to the commercial compuund though so you need to get out to use it. Well recommended cafe"
"Black Scoop Cafe Matina",7.0643785,125.5882656,4,"Food is amiable and delicious to taste, and the servings are as advertised. However, for the Taiwanese chicken pops, I noticed there were a lot of batter than the meat itself. Serving time is neither fast nor slow and the service is plain acceptable, not that accommodating. The place is well maintained and cold, perfect for study place or chill with friends or family."
"Black Scoop Cafe Matina",7.0643785,125.5882656,4,"Not the best coffee in Davao, but it's certainly better than the institutional Davao brands here (ie Blugre). I'm glad to see them with a really wide menu. I just ordered a cappuccino and a slice of cake. Cake was alright, certainly not that sweet, which is good. Cappuccino was also good enough, and the ambiance is pretty good. I'd say it's definitely a competitor for the millennial market, and a cheaper alternative to Starbucks, etc. I might come back if I'm in the area, but I won't be craving it anytime soon if not at all."
"Black Scoop Cafe Matina",7.0643785,125.5882656,5,"The breakfast selection is great, Tocino, Longganisa, Pancakes... too bad it opens at 10am so you have to grab a bite somewhere else if you are hungry by 8am. Coffee is good. Their Frappes are even better. The ones with cream cheese are top tier. Always filled with students and parents waiting for their students waiting for their parents, waiting for each other. Not knowing where they really are and what time they are arriving. Enjoy the Nachos."
"Black Scoop Cafe Matina",7.0643785,125.5882656,5,"Chill vibes. Love their dark choco raspberry frappe. Its the place where you can hide and catch up with your best friends or a loved one."
"Black Scoop Cafe Matina",7.0643785,125.5882656,5,"This place is perfect. Good vibes everywhere: from the staff to the food to the place itself."
"Black Scoop Cafe Matina",7.0643785,125.5882656,5,"I love their spicy buffalo wings along with their matcha latte. Perfect match! Good ambiance and friendly staff. ✌🏽✌🏽 …"
"Black Scoop Cafe Matina",7.0643785,125.5882656,4,"Great place to work, study, and hang out. Lacks food options and desserts but the drinks make up for it."
"Black Scoop Cafe Matina",7.0643785,125.5882656,5,"They make delicious milk tea and coffee. They serve it well, too. Staff could be more polite, but their food makes up for this."
"Black Scoop Cafe Matina",7.0643785,125.5882656,4,"Clean, spacious and cozy and have its own unique style. Have variaties of drinks and snacks to choose from."
"Black Scoop Cafe Matina",7.0643785,125.5882656,5,"Staff are friendly and accommodating, place is cozy and neat. Love their tumblers as well. High quality but much cheaper than the leading brand almost half of their price."
"Black Scoop Cafe Matina",7.0643785,125.5882656,5,"Drinks and cake are superb👍👍👍 staff are also accomodating😍😍😍 the place is also good and clean …"
"Black Scoop Cafe Matina",7.0643785,125.5882656,5,"Great place to chill and just talk with someone ❤️ Foods are delicious 👌🏻 I don’t know if the space was too small or it was just crowded when we went there 🤔😬 …"
"Black Scoop Cafe Matina",7.0643785,125.5882656,5,"All time fave. Food and ambiance is good. Comfy chairs and tables that helps you become productive. Cool parking are too."
"Black Scoop Cafe Matina",7.0643785,125.5882656,2,"Too pricey. The beverages not that tasty for me. But the vibes of the place is chill.. That what makes me coming back."
"Black Scoop Cafe Matina",7.0643785,125.5882656,1,"The staffs are RUDE and INCOMPETENT. They are NOT polite when speaking to customers (they raised their voice/tone). Food is served late, too. The store’s atmosphere is destroyed because of them. I hope the management reiterates them of proper customer service! Will NEVER recommend. Better go to other coffee shops near the area (ex: Starbucks Matina IT Park)"
"Black Scoop Cafe Matina",7.0643785,125.5882656,5,"Very nice place food and service are great. But if you're going to bring your laptop and work or study here during student class dismissal in the afternoon, it will be very crowded.. You won't find an empty table/seats as 5 or more student will be occupying it. 🤷 ♀️"
"Black Scoop Cafe Matina",7.0643785,125.5882656,4,"The place is quite good and the place is okay. They serve coffee, milk tea, cakes and chicken wings. A bit noisy when there are a lot of people but its still good. Closes by 10pm. The staff were good and the service is great when were there."
"Black Scoop Cafe Matina",7.0643785,125.5882656,2,"Food and coffee is alright. The wifi service is intermittent, on and off, I think the staff purposely turns off the wifi to turn away customers that bought more items from the premises and there are 4 airconditioning units that's not being use, the shop was humid and hot inside"
"Black Scoop Cafe Matina",7.0643785,125.5882656,5,"❤Do you know that a place will only get better if you're with someone you like? Charot! HAHA! Well, this place is cozy, which is good for staying long hours and bonding, and easy to access. They also have a best choice of music, but Catherine, yours are amazing!❤"
"Black Scoop Cafe Matina",7.0643785,125.5882656,5,"Service was A+. Social distancing and contact tracing rules are implemented well. I had the Brown Sugar series with cream cheese and it was really good. Fast internet, just enough outlets to charge your devices. Very friendly staff."
"Black Scoop Cafe Matina",7.0643785,125.5882656,5,"Super love the place. Friendly staff Good coffee and milk teas"
"Black Scoop Cafe Matina",7.0643785,125.5882656,5,"all day breakfast meals, yummy pasta and tons of sugary drinks are available."
"Black Scoop Cafe Matina",7.0643785,125.5882656,5,"Nice chilled cafe with pleasant staff. Fair priced coffee and good taste."
"Black Scoop Cafe Matina",7.0643785,125.5882656,3,"The food was pretty mid together with the drinks, kinda pricey. If you want to have a drink sure, but I don't recommend eating and staying there long as the place tends to be tensed with a pretty average food."
"Black Scoop Cafe Matina",7.0643785,125.5882656,4,"Nice ambiance, nice crew. The nachos and chicken poppers taste good however I can't taste the blueberry in their blueberrycheesecake frappe."
"Black Scoop Cafe Matina",7.0643785,125.5882656,5,"Price is fine. The iced coffee that I ordered was pretty good. Haven't tried their food, but that would be my reason to come back."
"Black Scoop Cafe Matina",7.0643785,125.5882656,4,"Best hot chocolate 😍 and Best place to read and study 🙌 …"
"Black Scoop Cafe Matina",7.0643785,125.5882656,3,"pretty nice place. kinda noisy. good drinks. will visit your cafe soon"
"Black Scoop Cafe Matina",7.0643785,125.5882656,5,"Just discovered this cafe, highly recommended. 🥰 The staff are so nice, food's yummy & reasonably-priced."
"Black Scoop Cafe Matina",7.0643785,125.5882656,5,"I love it here.. (but my pasta is not quite cooked).. 😊 but overall it tastes yummy …"
"Black Scoop Cafe Matina",7.0643785,125.5882656,5,"A bit pricey. Wifi can be a bit slow at times. Love their matcha latte, though."
"Black Scoop Cafe Matina",7.0643785,125.5882656,5,"I had coffee and pasta here and it is good. Place is clean and service is good"
"Black Scoop Cafe Matina",7.0643785,125.5882656,3,"Drinks are okay but the egg waffles we ordered were a bit soggy."
"Black Scoop Cafe Matina",7.0643785,125.5882656,5,"Great place to hang out and chill with your friends. Hokkaido milk tea is recommended"
"Black Scoop Cafe Matina",7.0643785,125.5882656,4,"Good food and ambiance. But no parking space for their clients."
"Black Scoop Cafe Matina",7.0643785,125.5882656,4,"Coffee's great but the place is not ideal for working."
"Black Scoop Cafe Matina",7.0643785,125.5882656,5,"I highly recommend those frappes!"
"Black Scoop Cafe Matina",7.0643785,125.5882656,4,"Nice place for reading a book while sipping ice tea"
"Black Scoop Cafe Matina",7.0643785,125.5882656,5,"Loved it. Love the hershey's chocolate cookies n cream!"
"Black Scoop Cafe Matina",7.0643785,125.5882656,5,"My fave coffe shop!!! Salted caramel frap is the best!"
"Black Scoop Cafe Matina",7.0643785,125.5882656,5,"must try Salted caramel frappe. Cozy place. Clean and proper."
"Black Scoop Cafe Matina",7.0643785,125.5882656,2,"The menu is good but the place is too hot 🥵 …"
"Black Scoop Cafe Matina",7.0643785,125.5882656,5,"Definitely my place to go to when i have paperworks and i need to chill and hangout"
"Black Scoop Cafe Matina",7.0643785,125.5882656,5,"Great place to hang out for coffee"
"Black Scoop Cafe Matina",7.0643785,125.5882656,4,"Great alternative to Starbucks, with a larger selection"
"Black Scoop Cafe Matina",7.0643785,125.5882656,5,"VERY PRESENTABLE, NICE AND A HEALTHY PLACE FOR GROUPS OF 10 OR MORE PERSON. . . ."
"Black Scoop Cafe Matina",7.0643785,125.5882656,1,"No Gcash/Cashless transaction"
"Black Scoop Cafe Matina",7.0643785,125.5882656,5,"This place is so clean and cozy, ideal place for barkadas"
"Black Scoop Cafe Matina",7.0643785,125.5882656,1,"Food 1/10 Drink 2/10 Pricing -1000/10"
"Black Scoop Cafe Matina",7.0643785,125.5882656,5,"Very comfy and nice place to eat to"
"Black Scoop Cafe Matina",7.0643785,125.5882656,5,"Very nice vibes. My favorite!"
"Black Scoop Cafe Matina",7.0643785,125.5882656,5,"Best place to relax on weekends."
"Black Scoop Cafe Matina",7.0643785,125.5882656,5,"Very good! Nice crew!"
"Black Scoop Cafe Matina",7.0643785,125.5882656,4,"Pretty cool atmosphere"
"Black Scoop Cafe Matina",7.0643785,125.5882656,5,"Loved the place and the cake!"
"Black Scoop Cafe Matina",7.0643785,125.5882656,5,"Best for fries and wings"
"Black Scoop Cafe Matina",7.0643785,125.5882656,5,"Love it"
"Black Scoop Cafe Matina",7.0643785,125.5882656,4,"good"
"Black Scoop Cafe Matina",7.0643785,125.5882656,4,"Quiet and clean."
"Black Scoop Cafe Matina",7.0643785,125.5882656,5,"nice"
"Black Scoop Cafe Matina",7.0643785,125.5882656,3,"So crowded"
"Black Scoop Cafe Matina",7.0643785,125.5882656,5,"Nice place"
"Black Scoop Cafe Matina",7.0643785,125.5882656,4,"Friendly team and inviting interior. Special requests are accommodated and freshly prepared."
"Black Scoop Cafe Matina",7.0643785,125.5882656,1,"Almost 1 hour waiting time just for corned beef and tocino 🥴 Your kitchen can't keep up if the restaurant is full. Orders were released after ours."
"Black Scoop Cafe Matina",7.0643785,125.5882656,4,"It has a highly visible location and a dedicated parking area. Vehicles can also be parked in the spacious adjacent parking lot. The menu is varied, offering more than just coffee; there are other drinks and pastries. The interior is well-appointed and has plenty of tables. The lighting is good, and the coffee tastes quite good. Although I don't think they use specialty coffee beans, they provide a nice, sturdy cup holder. This is a nice added bonus for customers. The only downside is that their exhaust fan isn't very effective at removing smoke from the kitchen. We could smell the cooking fumes, which was a bit distracting while enjoying our drinks."
"Black Scoop Cafe Matina",7.0643785,125.5882656,2,"It's okay to have a space for parents to wait for their kids from school but it's a hassle if you don't have cash. They don't have any other mode of payment. They don't have GCash, bank transfer, or credit card."
"Black Scoop Cafe Matina",7.0643785,125.5882656,4,"It's a nice place. Quiet and peaceful. The only problem is that in the evenings, with so many lights on everywhere, it's hard to focus on studying. There are lamps on every table. The lampshades don't actually hide the bulbs, they're just pieces of wire. So when you look, you can only see the light bulbs. This can cause headaches if you sit for a long time. Otherwise, the staff is very friendly and the kitchen is clean."
"Black Scoop Cafe Matina",7.0643785,125.5882656,4,"The cafe has a comfortable atmosphere, and the cashier was polite and respectful; he helped me prepare my coffee exactly how I like it, so thank you to him. The coffee is great, and so is the sandwich."
"Black Scoop Cafe Matina",7.0643785,125.5882656,1,"Please check all your products because the cream cheese is spoiled and a bit sour before serving because customers get better reviews when the serving is okay."
"Black Scoop Cafe Matina",7.0643785,125.5882656,1,"We arrived at 9:49 am to wait at 10:00 am to order, we did not insist on ordering asap we just wanted a place to wait for it to open. They really kicked us out and I said even though there was a seat even if we just stayed outside, they really didn't allow us to go. They said they would only cater for 10 more. It's terrible. I get the technical issue but then your sales are a waste. We'll have to change it. Hey."
"Black Scoop Cafe Matina",7.0643785,125.5882656,2,"It would have been ok, but they covered the sockets. They are poor, usually there are no customers during non-peak hours."
"Black Scoop Cafe Matina",7.0643785,125.5882656,5,"Delicious drinks and cute cafe"
"Black Scoop Cafe Matina",7.0643785,125.5882656,5,"Delicious"
"Black Scoop Cafe Matina",7.0643785,125.5882656,5,""
"Black Scoop Cafe Matina",7.0643785,125.5882656,5,""
"Black Scoop Cafe Matina",7.0643785,125.5882656,5,"Atchupa"
"Black Scoop Cafe Matina",7.0643785,125.5882656,5,""
"Black Scoop Cafe Matina",7.0643785,125.5882656,5,""
"Black Scoop Cafe Matina",7.0643785,125.5882656,3,""
"Black Scoop Cafe Matina",7.0643785,125.5882656,5,""
"Black Scoop Cafe Matina",7.0643785,125.5882656,4,""
"Black Scoop Cafe Matina",7.0643785,125.5882656,3,""
"Black Scoop Cafe Matina",7.0643785,125.5882656,5,""
"Black Scoop Cafe Matina",7.0643785,125.5882656,5,""
"Black Scoop Cafe Matina",7.0643785,125.5882656,5,""
"Black Scoop Cafe Matina",7.0643785,125.5882656,5,""
"Black Scoop Cafe Matina",7.0643785,125.5882656,4,""
"Black Scoop Cafe Matina",7.0643785,125.5882656,5,""
"Black Scoop Cafe Matina",7.0643785,125.5882656,5,""
"Black Scoop Cafe Matina",7.0643785,125.5882656,5,""
"Black Scoop Cafe Matina",7.0643785,125.5882656,5,""
"Black Scoop Cafe Matina",7.0643785,125.5882656,5,""
"Black Scoop Cafe Matina",7.0643785,125.5882656,4,""
"Black Scoop Cafe Matina",7.0643785,125.5882656,5,""
"Black Scoop Cafe Matina",7.0643785,125.5882656,5,""
"Black Scoop Cafe Matina",7.0643785,125.5882656,5,""
"Black Scoop Cafe Matina",7.0643785,125.5882656,5,""
"Black Scoop Cafe Matina",7.0643785,125.5882656,5,""
"Black Scoop Cafe Matina",7.0643785,125.5882656,5,""
"Black Scoop Cafe Matina",7.0643785,125.5882656,5,""
"Black Scoop Cafe Matina",7.0643785,125.5882656,5,""
"Black Scoop Cafe Matina",7.0643785,125.5882656,5,""
"Black Scoop Cafe Matina",7.0643785,125.5882656,5,""
"Black Scoop Cafe Matina",7.0643785,125.5882656,5,""
"Black Scoop Cafe Matina",7.0643785,125.5882656,3,""
"Black Scoop Cafe Matina",7.0643785,125.5882656,5,""
"Black Scoop Cafe Matina",7.0643785,125.5882656,5,""
"Black Scoop Cafe Matina",7.0643785,125.5882656,5,""
"Black Scoop Cafe Matina",7.0643785,125.5882656,5,""
"Black Scoop Cafe Matina",7.0643785,125.5882656,5,""
"Black Scoop Cafe Matina",7.0643785,125.5882656,4,""
"Black Scoop Cafe Matina",7.0643785,125.5882656,5,""
